{"cameraMode":{"drawMode":0,"name":"Shaded","section":"Shading Mode"},"sceneLighting":false,"audioPlay":false,"sceneViewState":{"showFog":true,"showMaterialUpdate":false,"showSkybox":false,"showFlares":true,"showImageEffects":true,"showParticleSystems":true},"in2DMode":false,"pivot":{"x":-0.000018652528524398804,"y":10.01022720336914,"z":0.00142669677734375},"rotation":{"x":-0.06925284117460251,"y":0.006581257097423077,"z":-0.00045684934593737125,"w":-0.9975773692131043},"size":4.200056076049805,"orthographic":false}