{"cameraMode":{"drawMode":0,"name":"Shaded","section":"Shading Mode"},"sceneLighting":false,"audioPlay":false,"sceneViewState":{"showFog":true,"showMaterialUpdate":false,"showSkybox":false,"showFlares":true,"showImageEffects":true,"showParticleSystems":true},"in2DMode":false,"pivot":{"x":-9.541500091552735,"y":10.171501159667969,"z":2.0865001678466799},"rotation":{"x":-0.06925284117460251,"y":0.006581257097423077,"z":-0.00045684934593737125,"w":-0.9975773692131043},"size":75.74726867675781,"orthographic":false}