{"cameraMode":{"drawMode":0,"name":"Shaded","section":"Shading Mode"},"sceneLighting":true,"audioPlay":false,"sceneViewState":{"showFog":true,"showMaterialUpdate":false,"showSkybox":true,"showFlares":true,"showImageEffects":true,"showParticleSystems":true},"in2DMode":false,"pivot":{"x":-1.6285350322723389,"y":-12.303143501281739,"z":7.7515082359313969},"rotation":{"x":0.4635527729988098,"y":-0.03454076126217842,"z":0.018087739124894143,"w":0.8852110505104065},"size":37.468467712402347,"orthographic":false}