{"cameraMode":{"drawMode":0,"name":"Shaded","section":"Shading Mode"},"sceneLighting":false,"audioPlay":false,"sceneViewState":{"showFog":true,"showMaterialUpdate":false,"showSkybox":false,"showFlares":true,"showImageEffects":true,"showParticleSystems":true},"in2DMode":false,"pivot":{"x":-0.141515851020813,"y":8.583812713623047,"z":-1.2365779876708985},"rotation":{"x":0.39331087470054629,"y":0.1343960165977478,"z":-0.05823676660656929,"w":0.9076633453369141},"size":9.071067810058594,"orthographic":false}