{"cameraMode":{"drawMode":0,"name":"Shaded","section":"Shading Mode"},"sceneLighting":false,"audioPlay":false,"sceneViewState":{"showFog":true,"showMaterialUpdate":false,"showSkybox":false,"showFlares":true,"showImageEffects":true,"showParticleSystems":true},"in2DMode":false,"pivot":{"x":-0.15650010108947755,"y":10.171501159667969,"z":2.0865001678466799},"rotation":{"x":0.4118650257587433,"y":0.057347122579813007,"z":-0.025981860235333444,"w":0.9090673327445984},"size":60.241214752197269,"orthographic":false}