{"cameraMode":{"drawMode":0,"name":"Shaded","section":"Shading Mode"},"sceneLighting":false,"audioPlay":false,"sceneViewState":{"showFog":true,"showMaterialUpdate":false,"showSkybox":false,"showFlares":true,"showImageEffects":true,"showParticleSystems":true},"in2DMode":false,"pivot":{"x":-0.42549628019332888,"y":8.767073631286621,"z":-1.7744429111480713},"rotation":{"x":0.5293089747428894,"y":0.1386025846004486,"z":-0.08813720941543579,"w":0.832378089427948},"size":7.0067901611328129,"orthographic":false}